tag, size
population, 1777
census, 1681
government, 1544
demographics, 1511
america, 1364
health, 870
maps, 538
state, 521
care, 431
locations, 427
toxic, 419
facilities, 419
geonames, 416
facility, 416
release, 414
environment, 332
school, 321
child, 320
chemical, 320
form, 320
waste, 318
community, 316
source, 316
pollution, 310
health-and-social-care, 306
management, 302
children, 300
section, 299
hazardous, 298
reporting, 296
inventory, 294
chemicals, 293
reduction, 293
prevention, 292
right, 290
know, 290
toxics, 290
statistics, 289
federal, 261
education, 232
type, 227
public, 215
national, 196
employment, 189
download, 170
selected, 164
list, 162
business, 159
road, 155
interest, 154
income, 151
major, 150
economy, 148
housing, 147
geography, 142
usa, 141
program, 131
communities, 130
organization, 130
crime, 129
system, 129
environmental, 129
latitude, 128
longitude, 128
hospital, 127
sites, 123
site, 122
registry, 122
brownfields, 122
affiliation, 121
acronym, 121
parent, 121
economics-and-finance, 121
minor, 121
regulated, 121
finance, 120
rates, 120
priorities, 120
superfund, 120
identifier, 119
early, 118
discharger, 118
sharing, 118
transporter, 118
2008, 117
people-and-places, 116
olympics, 113
education-and-skills, 110
gis, 110
geo, 106
number, 104
country, 103
economic, 103
zipcode, 103
deaths, 103
life-in-the-community, 103
agriculture, 101
abs, 101
race, 100
eutransparency, 99
geodata, 98
team, 97
mortality, 96
business-and-industry, 94
health-of-the-population, 94
character, 93
zip, 93
well-being-and-care, 90
business-and-energy, 88
api, 86
police, 85
travel-and-transport, 85
industry, 84
energy, 84
science, 82
farming, 82
music, 82
network, 82
access-nobulk, 79
economics, 78
bigdata, 77
benefit, 76
joe:link, 75
nhs, 74
layers, 72
social, 71
age, 71
annual, 71
tax, 70
characteristics, 70
summary, 70
data, 69
crime-and-justice, 69
roads, 69
sales, 67
health-care-system, 66
sex, 65
language, 64
international, 64
corpus, 62
local-authority, 62
transport, 61
party, 61
water, 60
local, 60
expenditures, 59
retail, 58
earnings, 58
election, 57
death, 57
services, 56
geoscientific_information, 55
cancer, 55
people, 55
uk, 54
dictionary, 53
name, 53
area, 52
political, 52
births, 52
revenue, 52
survey, 52
us, 52
city, 52
code, 51
atlas_of_living_australia, 51
housing-and-households, 51
sports, 51
libraryhack_2011, 51
